quote_id,part_number,callout,process,spec,quantities,file_path,submitted_by,material
1,0020-10472,Passivate Per ASTM A967,Passivate,astm a 967,20,K:\APPLIED MATERIAL\0020-10472\REV CA,,
2,0020-10909,Passivate Per ASTM A967,Passivate,astm a 967,20,K:\APPLIED MATERIAL\0020-10909\REV BB\CUSTOMER,,
3,0021-93708,"SILVER PLATE PER ASTM B700
ASTM B700-97 TYPE 1, GRADE D, CLASS N
THICKNESS OF PLATING: AG PLATE 6UM+2UM",Silver Plate,ASTM B 700,1,K:\APPLIED MATERIAL\0021-93708\REV 06\CUSTOMER,,
4,0023-39606,UHV CLEAN PER 0250-20000; TRIPLE BAG REQUIRED,Cleaning,0250-20000,15,K:\APPLIED MATERIAL\0023-39606\REV 03\CUSTOMER,,
5,0023-39608,UHV CLEAN PER 0250-20000; TRIPLE BAG REQUIRED,Cleaning,0250-20000,15,K:\APPLIED MATERIAL\0023-39608\REV 03\CUSTOMER,,
6,0023-39609,UHV CLEAN PER 0250-20000; TRIPLE BAG REQUIRED,Cleaning,0250-20000,15,K:\APPLIED MATERIAL\0023-39609\REV 03\CUSTOMER,,
7,0023-39610,UHV CLEAN PER 0250-20000; TRIPLE BAG REQUIRED,Cleaning,0250-20000,15,K:\APPLIED MATERIAL\0023-39610\REV 03\CUSTOMER,,
8,0042-99781-MOUNT-ARM-LFT,"ZINC PLATE PER ASTM B 633, TYPE I, Fe/Zn SC2 (CLEAR) 5-15 MICRONS THICK.",Zinc Plating,ASTM B 633,1,K:\APPLIED MATERIAL\0042-99781\REV-02\CUSTOMER,,
9,0042-99781-MOUNT-ARM-RT,"ZINC PLATE PER ASTM B 633, TYPE I, Fe/Zn SC2 (CLEAR) 5-15 MICRONS THICK.",Zinc Plating,ASTM B 634,1,K:\APPLIED MATERIAL\0042-99781\REV-02\CUSTOMER,,
10,0042-99781-SUPPORT-BTM,"ZINC PLATE PER ASTM B 633, TYPE I, Fe/Zn SC2 (CLEAR) 5-15 MICRONS THICK.",Zinc Plating,ASTM B 635,1,K:\APPLIED MATERIAL\0042-99781\REV-02\CUSTOMER,,
11,0270-76128,CLEAN PER 0250-20000 Appendix D,Cleaning,0250-20000,4,K:\APPLIED MATERIAL\0270-76128\REV-03\CUSTOMER,,
12,512-012-205-101,FLOURESCENT PENETRANT INSPECTION PER BPS4089,Penetrant Inspect,BPS 4089,13,K:\Bell Helicopter\512-012-205-101\REV -\CUSTOMER,,
13,512-012-205-101,"ZINC-NICKEL PLATE, CLASS 2, TYPE II, PER BPS4554",Zinc Nickel Plate,BPS 4554,13,K:\Bell Helicopter\512-012-205-101\REV -\CUSTOMER,,
14,512-016-005-101,Fluorescent Penetrant Inspect per BPS4089,Penetrant Inspect,BPS 4089,60,K:\Bell Helicopter\512-016-005-101\REV -\CUSTOMER,,
15,512-016-005-101,Heat Treat per BPS4140,Heat Treat,BPS 4140,60,K:\Bell Helicopter\512-016-005-101\REV -\CUSTOMER,,
16,512-016-005-101,Passivation per BPS4007,Passivate,BPS 4007,60,K:\Bell Helicopter\512-016-005-101\REV -\CUSTOMER,,
17,512-030-101-831,MAGNETIC PARTICLE INSPECT PER BPS 4075.,Magnetic Particle Inspect,BPS 4075,5,K:\Bell Helicopter\512-030-101-831\REV A\CUSTOMER,,
18,512-030-101-831,ZINC-NICKEL-CLASS 2 TYPE II BPS 4554,Zinc Nickel Plate,BPS 4554,5,K:\Bell Helicopter\512-030-101-831\REV A\CUSTOMER,,
19,512-030-130-731,MAGNETIC PARTICLE INSPECTION PER BPS4075,Magnetic Particle Inspect,BPS 4075,9,K:\Bell Helicopter\512-030-130-731\REV -\CUSTOMER,,
20,512-030-130-731,"ZNB2 (ZINC-NICKEL, CLASS 2, TYPE II) PER BPS 4554

( CADMIUM PLATE PER BPS4006, TYPE II, CLASS 2 MAY BE USED AS AN ALTERNATE TO ZINC-NICKEL PLATE.)",Zinc Nickel Plate,BPS 4554,9,K:\Bell Helicopter\512-030-130-731\REV -\CUSTOMER,,
21,512-030-310-021,Heat Treat per BPS4139,Heat Treat,BPS 4139,21,K:\Bell Helicopter\512-030-310-021\REV B\CUSTOMER,,
22,512-030-310-021,Thin Film Sulfuric Acid Anodize per BPS4555,Anodize,BPS 4555,21,K:\Bell Helicopter\512-030-310-021\REV B\CUSTOMER,,
23,512-030-310-022,Heat Treat per BPS4139,Heat Treat,BPS 4139,20,K:\Bell Helicopter\512-030-310-022\REV A\CUSTOMER,,
24,512-030-310-022,Thin Film Sulfuric Acid Anodize per BPS4555,Anodize,BPS 4555,20,K:\Bell Helicopter\512-030-310-022\REV A\CUSTOMER,,
25,512-030-310-023,Heat Treat per BPS4139,Heat Treat,BPS 4139,20,K:\Bell Helicopter\512-030-310-023\REV B\CUSTOMER,,
26,512-030-310-023,Thin Film Sulfuric Acid Anodize per BPS4555,Anodize,BPS 4555,20,K:\Bell Helicopter\512-030-310-023\REV B\CUSTOMER,,
27,512-030-310-024,Heat Treat per BPS4139,Heat Treat,BPS 4139,20,K:\Bell Helicopter\512-030-310-024\REV B\CUSTOMER,,
28,512-030-310-024,Thin Film Sulfuric Acid Anodize per BPS4555,Anodize,BPS 4555,20,K:\Bell Helicopter\512-030-310-024\REV B\CUSTOMER,,
29,512-030-310-099,HEAT TREAT PER BPS4139,Heat Treat,BPS 4139,21,K:\Bell Helicopter\512-030-310-099\REV A\CUSTOMER,,
30,512-030-310-099,SULFURIC ACID ANODIZE PER BPS4555,Anodize,BPS 4555,21,K:\Bell Helicopter\512-030-310-099\REV A\CUSTOMER,,
31,512-030-330-039,BRUSH CADMIUM PLATE PER BPS 4312,Cadmium Plating,BPS 4312,36,?K:\Bell Helicopter\512-030-330-039\REV A\CUSTOMER,,
32,512-030-410-305,"Chemical Film per BPS4182, Class 1A",Chromate Conversion,BPS 4182,192,K:\Bell Helicopter\512-030-400-305\REV B\CUSTOMER,,
33,512-030-410-305,Heat Treat per BPS4139,Heat Treat,BPS 4139,192,K:\Bell Helicopter\512-030-400-305\REV B\CUSTOMER,,
34,512-030-410-263,WATERJET,Waterjet,,44,K:\Bell Helicopter\512-030-410-263\REV - A\ATHENA\CAD\DXF AND ICS,,
35,512-030-410-263,CHEMICAL FILM-CLASS 1A,Chromate Conversion,BPS 4001,44,K:\Bell Helicopter\512-030-410-263\REV - A\CUSTOMER,,
36,512-030-430-325,CHROMIC ACID ANODIZE PER BPS4001,Anodize,BPS 4001,22,K:\Bell Helicopter\512-030-430-325\REV A\CUSTOMER,,
37,512-030-430-325,FLUORESCENT PENETRANT INSPECTION PER BPS 4089,Penetrant Inspect,BPS 4089,22,K:\Bell Helicopter\512-030-430-325\REV A\CUSTOMER,,
38,512-030-430-381,PENETRANT INSPECTION PER BPS 4089,Penetrant Inspect,BPS 4089,9,K:\Bell Helicopter\512-030-430-381\REV -\CUSTOMER,,
39,512-030-430-381,THIN FILM SULFURIC ACID ANODIZE PER BPS 4555.,Anodize,BPS 4555,9,K:\Bell Helicopter\512-030-430-381\REV -\CUSTOMER,,
40,512-030-610-311,Chemical Film (Alodine) per BPS4139,Chromate Conversion,BPS 4139,22,K:\Bell Helicopter\512-030-610-311\REV -\CUSTOMER,,
41,512-030-610-311,Heat Treat per BPS4139,Heat Treat,BPS 4139,22,K:\Bell Helicopter\512-030-610-311\REV -\CUSTOMER,,
42,512-030-610-311,Sulfuric Acid Anodize per BPS4555,Anodize,BPS 4555,22,K:\Bell Helicopter\512-030-610-311\REV -\CUSTOMER,,
43,512-030-610-313,Chemical Film (Alodine) per BPS4139,Chromate Conversion,BPS 4139,22,K:\Bell Helicopter\512-030-610-313\REV -\CUSTOMER,,
44,512-030-610-313,Heat Treat per BPS4139,Heat Treat,BPS 4139,22,K:\Bell Helicopter\512-030-610-313\REV -\CUSTOMER,,
45,512-030-610-313,Sulfuric Acid Anodize per BPS4555,Anodize,BPS 4555,22,K:\Bell Helicopter\512-030-610-313\REV -\CUSTOMER,,
46,512-030-830-005,FLOURESCENT PENETRANT INSPECTION PER BPS4089,Penetrant Inspect,BPS 4089,43,?K:\Bell Helicopter\512-030-830-005\REV B\CUSTOMER,,
47,512-030-830-005,TFSA THIN FILM SULFURIC ACID ANODIZE PER BPS 4555,Anodize,BPS 4555,43,?K:\Bell Helicopter\512-030-830-005\REV B\CUSTOMER,,
48,512-030-830-039,"CADMIUM PLATING PER BPS4006
CLASS 2, TYPE II.       

SEE SHOP AID FOR MASKING LOCATIONS",Cadmium Plating,BPS 4006,104,K:\Bell Helicopter\512-030-830-039\REV A\CUSTOMER,,
49,512-030-830-039,FLOURESCENT PENETRANT INSPECTION PER BPS4089,Penetrant Inspect,BPS 4089,104,K:\Bell Helicopter\512-030-830-039\REV A\CUSTOMER,,
50,512-030-830-039,"HEAT TREAT OF STAINLESS STEEL PER BPS4140

PRECIPITATION HARDEN TO 155-175 KSI TENSILE (FINAL)

PERFORM HARDNESS TESTS PER BPS 4467 FOR PARTS ON INDICATED SURFACE SHOWN IN CUSTOMER 3DXML AND/OR SHOP AID.
HARDNESS SHALL BE RC 36.0 TO 40.5.",Heat Treat,BPS 4140,104,K:\Bell Helicopter\512-030-830-039\REV A\CUSTOMER,,
51,512-030-830-041,FLOURESCENT PENETRANT INSPECTION PER BPS4089,Penetrant Inspect,BPS 4089,43,K:\Bell Helicopter\512-030-830-041\REV B\CUSTOMER,,
52,512-030-830-041,"TFSA(Thin Film Sulfuric Acid Anodize) per BPS4555

CHROMIC ACID ANODIZE PER BPS4001 MAY BE USED AS AN ALTERNATE TO TFSA",Anodize,BPS 4555,43,K:\Bell Helicopter\512-030-830-041\REV B\CUSTOMER,,
53,512-030-830-055,PENETRANT INSPECT PER BPS4089,Penetrant Inspect,BPS 4089,52,K:\Bell Helicopter\512-030-830-055\REV A\CUSTOMER,,
54,512-030-830-055,"TFSA(Thin Film Sulfuric Acid Anodize) per BPS4555

CHROMIC ACID ANODIZE PER BPS4001 MAY BE USED AS AN ALTERNATE TO TFSA",Anodize,BPS 4555,52,K:\Bell Helicopter\512-030-830-055\REV A\CUSTOMER,,
55,512-030-830-061,PENETRANT INSPECT PER BPS4089,Penetrant Inspect,BPS 4089,23,K:\Bell Helicopter\512-030-830-061\REV -\CUSTOMER,,
56,512-030-830-061,"TFSA(Thin Film Sulfuric Acid Anodize) per BPS4555

CHROMIC ACID ANODIZE PER BPS4001 MAY BE USED AS AN ALTERNATE TO TFSA",Anodize,BPS 4555,23,K:\Bell Helicopter\512-030-830-061\REV -\CUSTOMER,,
57,512-030-830-062,PENETRANT INSPECT PER BPS4089,Penetrant Inspect,BPS 4089,27,K:\Bell Helicopter\512-030-830-062\REV -\CUSTOMER,,
58,512-030-830-062,"TFSA(Thin Film Sulfuric Acid Anodize) per BPS4555

CHROMIC ACID ANODIZE PER BPS4001 MAY BE USED AS AN ALTERNATE TO TFSA",Anodize,BPS 4555,27,K:\Bell Helicopter\512-030-830-062\REV -\CUSTOMER,,
59,512-030-830-063,FLOURESCENT PENETRANT INSPECTION PER BPS4089,Penetrant Inspect,BPS 4089,52,K:\Bell Helicopter\512-030-830-063\REV -\CUSTOMER,,
60,512-030-830-063,TFSA(Thin Film Sulfuric Acid Anodize) per BPS4555,Anodize,BPS 4555,52,K:\Bell Helicopter\512-030-830-063\REV -\CUSTOMER,,
61,512-030-830-065,"CADMIUM PLATING PER BPS4006
CLASS 2, TYPE II",Cadmium Plating,BPS 4006,104,K:\Bell Helicopter\512-030-830-065\REV -\CUSTOMER,,
62,512-030-830-065,FLOURESCENT PENETRANT INSPECTION PER BPS4089,Penetrant Inspect,BPS 4089,104,K:\Bell Helicopter\512-030-830-065\REV -\CUSTOMER,,
63,512-030-830-065,"HEAT TREAT OF STEEL PER BPS4140

PRECIPITATION HARDEN TO 155-175 KSI TENSILE (FINAL)

PERFORM HARDNESS TESTS PER BPS 4467 FOR PARTS ON INDICATED SURFACE SHOWN IN CUSTOMER 3DXML AND/OR SHOP AID.
HARDNESS SHALL BE RC 36.0 TO 40.5.",Heat Treat,BPS 4140,104,K:\Bell Helicopter\512-030-830-065\REV -\CUSTOMER,,
64,512-034-710-025,AGE TO T6 CONDITION PER BPS 4139,Heat Treat,BPS 4139,41,?K:\Bell Helicopter\512-034-710-025\REV -\CUSTOMER,,
65,512-034-710-025,THIN FILM SULFURIC ACID ANODIZE PER BPS 4555.,Anodize,BPS 4555,41,?K:\Bell Helicopter\512-034-710-025\REV -\CUSTOMER,,
66,512-034-710-033,Chromic Acid Anodize per BPS4001,Anodize,BPS 4001,23,K:\Bell Helicopter\512-034-710-033\REV A\CUSTOMER,,
67,512-034-710-033,Heat Treat per BPS4139,Heat Treat,BPS 4139,23,K:\Bell Helicopter\512-034-710-033\REV A\CUSTOMER,,
68,512-034-730-035,Chromic Acid Anodize per BPS 4001,Anodize,BPS 4001,23,K:\Bell Helicopter\512-034-730-035\REV A\CUSTOMER,,
69,512-034-730-035,Fluorescent Penetrant Inspect per BPS4089,Penetrant Inspect,BPS 4089,23,K:\Bell Helicopter\512-034-730-035\REV A\CUSTOMER,,
70,512-034-730-139,"""TFSA(Thin Film Sulfuric Acid Anodize) per BPS4555  CHROMIC ACID ANODIZE PER BPS4001 MAY BE USED AS AN ALTERNATE TO TFSA""",Anodize,BPS 4555,26,K:\Bell Helicopter\512-034-730-139\REV-\CUSTOMER,Dustin Drab,Aluminum
71,512-034-730-139,Penetrant Inspection per BPS 4089,Penetrant Inspect,BPS 4089,26,K:\Bell Helicopter\512-034-730-139\REV-\CUSTOMER,Dustin Drab,Aluminum
72,512-034-730-141,Penetrant Inspection per BPS 4089,Penetrant Inspect,BPS 4089,26,K:\Bell Helicopter\512-034-730-141\REV-\CUSTOMER,Dustin Drab,
73,512-034-730-141,TFSA(Thin Film Sulfuric Acid Anodize) per BPS4555  CHROMIC ACID ANODIZE PER BPS4001 MAY BE USED AS AN ALTERNATE TO TFSA,Anodize,BPS 4555,26,K:\Bell Helicopter\512-034-730-141\REV-\CUSTOMER,Dustin Drab,
74,512-034-730-143,Penetrant Inspection per BPS 4089,Penetrant Inspect,BPS 4089,26,K:\Bell Helicopter\512-034-730-143\REV-\CUSTOMER,,
75,512-034-730-143,"TFSA(Thin Film Sulfuric Acid Anodize) per BPS4555

CHROMIC ACID ANODIZE PER BPS4001 MAY BE USED AS AN ALTERNATE TO TFSA",Anodize,BPS 4555,26,K:\Bell Helicopter\512-034-730-143\REV-\CUSTOMER,,
76,512-075-171-127,"CHEMICAL FILM PER BPS4182, CLASS 1A.",Chromate Conversion,BPS 4183,10,K:\Bell Helicopter\512-075-171-127\REV B\CUSTOMER,,
77,512-075-171-127,HEAT TREAT PER BPS 4139. HEAT TREAT TO T6,Heat Treat,BPS 4139,10,K:\Bell Helicopter\512-075-171-127\REV B\CUSTOMER,,
78,901-032-699-101,FLUORESCENT PENETRANT INSPECTION PER BPS 4089,Penetrant Inspect,BPS 4089,60,K:\Bell Helicopter\901-032-699-101\REV C\CUSTOMER,,
79,425-03568-001,"CHEMICAL FILM PER MIL-DTL-5541 TYPE I, CLASS 3, YELLOW",Chromate Conversion,MIL-DTL-5541,30,K:\Boeing\425-03568-001\REV D\CUSTOMER,Dustin Drab,
80,425-03568-001,PENETRENT INSPECT PER BAC5423,Penetrant Inspect,BAC 5423,30,K:\Boeing\425-03568-001\REV D\CUSTOMER,Dustin Drab,
81,425-03653-502,"ELECTROLESS NICKEL PLATE, PER ASTM B733 SC2 (.0005 - .001 INCH THICK).",Electroless Nickel,ASTM B 733,30,K:\Boeing\425-03653-001\REV G\CUSTOMER,Dustin Drab,
82,200K91-00597P01,"""NICKEL PLATE UNDERCOAT PER ASTM B-733 5UM 
MIN. THICKNESS.""",Electroless Nickel,ASTM B 733,5,K:\Hyliion\200K91-00597P01\REV-01\CUSTOMER,,
83,200K91-00597P01,"""NOTE 3: MASK ZONES AND PLUG HOLES PRIOR TO APPLYING FINAL FINISH.

FINAL FINISH: SOL-EPOXY DK15-0907 RED. MIN.THICKNESS
10MILS; MAX THICKNESS 20MILS.""",Sol-Epoxy,,5,K:\Hyliion\200K91-00597P01\REV-01\CUSTOMER,,
84,200K91-00598P01,"""NOTE 3: MASK ZONES AND PLUG HOLES PRIOR TO APPLYING FINISH.

FINAL FINISH: SOL-EPOXY DK15-0907 RED. MIN.THICKNESS
10MILS; MAX THICKNESS 20MILS.""",Sol-Epoxy,,35,K:\Hyliion\200K91-00598P01\REV-01\CUSTOMER,,
85,200K91-00598P01,"NICKEL PLATE UNDERCOAT PER ASTM B-733 5UM 
MIN. THICKNESS.",Electroless Nickel,ASTM B 733,35,K:\Hyliion\200K91-00598P01\REV-01\CUSTOMER,,
86,200K91-00599P01,"""NOTE 3: MASK ZONES AND PLUG HOLES PRIOR TO APPLYING FINAL FINISH.

FINAL FINISH: SOL-EPOXY DK15-0907 RED. MIN.THICKNESS
10MILS; MAX THICKNESS 20MILS.""",Sol-Epoxy,,5,K:\Hyliion\200K91-00599P01\REV-01\CUSTOMER,,
87,200K91-00599P01,"NICKEL PLATE UNDERCOAT PER ASTM B-733 5UM 
MIN. THICKNESS.",Electroless Nickel,ASTM B 733,5,K:\Hyliion\200K91-00599P01\REV-01\CUSTOMER,,
88,200K91-00600P01,"""NICKEL PLATE UNDERCOAT PER ASTM B-733 5UM 
MIN. THICKNESS.""",Electroless Nickel,ASTM B 733,5,K:\Hyliion\200K91-00600P01\REV-01\CUSTOMER,,
89,200K91-00600P01,"""NOTE 3: MASK ZONES AND PLUG HOLES PRIOR TO APPLYING FINAL FINISH.

FINAL FINISH: SOL-EPOXY DK15-0907 RED. MIN.THICKNESS
10MILS; MAX THICKNESS 20MILS.""",Sol-Epoxy,,5,K:\Hyliion\200K91-00600P01\REV-01\CUSTOMER,,
90,200K91-00601P01,"""""NICKEL PLATE UNDERCOAT PER ASTM B-733 5UM 
MIN. THICKNESS.""""",Electroless Nickel,ASTM B 733,5,K:\Hyliion\200K91-00601P01\REV-01\CUSTOMER,,
91,200K91-00601P01,"""NOTE 3: MASK ZONES AND PLUG HOLES PRIOR TO APPLYING FINAL FINISH.

FINAL FINISH: SOL-EPOXY DK15-0907 RED. MIN.THICKNESS
10MILS; MAX THICKNESS 20MILS.""",Sol-Epoxy,,5,K:\Hyliion\200K91-00601P01\REV-01\CUSTOMER,,
92,200K91-00602P01,"""NOTE 3: MASK ZONES AND PLUG HOLES PRIOR TO APPLYING FINISH.

FINAL FINISH: SOL-EPOXY DK15-0907 RED. MIN.THICKNESS
10MILS; MAX THICKNESS 20MILS.""",Sol-Epoxy,,5,K:\Hyliion\200K91-00602P01\REV-01\CUSTOMER,,
93,200K91-00602P01,"NICKEL PLATE UNDERCOAT PER ASTM B-733 5UM 
MIN. THICKNESS.",Electroless Nickel,ASTM B 733,5,K:\Hyliion\200K91-00602P01\REV-01\CUSTOMER,,
94,200K91-00603P01,"NICKEL PLATE UNDERCOAT PER ASTM B-733 5UM 
MIN. THICKNESS.",Electroless Nickel,ASTM B 733,5,K:\Hyliion\200K91-00603P01\REV-02\CUSTOMER,,
95,200K91-00603P01,"NOTE 3: MASK ZONES AND PLUG HOLES PRIOR TO APPLYING FINISH.

FINAL FINISH: SOL-EPOXY DK15-0907 RED. MIN.THICKNESS
10MILS; MAX THICKNESS 20MILS.",SOL-EPOXY,,5,K:\Hyliion\200K91-00603P01\REV-02\CUSTOMER,,
96,200K91-00761P01,"MASK ZONES PER PRINT AND PLUG HOLES PRIOR TO APPLYING FINAL FINISH.

FINAL FINISH: SOL-EPOXY DK15-0907 RED. MIN.THICKNESS
10MILS; MAX THICKNESS 20MILS.""",Sol-Epoxy,,5,K:\Hyliion\200K91-00761P01\REV-02\CUSTOMER,,
97,200K91-00761P01,"NICKEL PLATE UNDERCOAT PER ASTM B-733 5UM 
MIN. THICKNESS.",Electroless Nickel,ASTM B 733,5,K:\Hyliion\200K91-00761P01\REV-02\CUSTOMER,,
98,512-069-413-141,AUSTIN WATERJET  K:\Bell Helicopter\512-069-413-141\REV A\OS QUOTES\PROCESS\Quote_21482.pdf,Waterjet,,,,,
99,512-030-110-423,"CHEMICAL FILM PER BPS4182, CLASS 1A.",Chromate Conversion,BPS 4182,,,,
100,512-030-610-095,"CHEMICAL FILM PER BPS4182, CLASS 1A.
CODE K",Chromate Conversion,BPS 4182,,,,
101,512-069-685-105,Chemical Film-Class 1A per BPS4182,Chromate Conversion,BPS 4182,,,,
102,512-069-685-107,Chemical Film-Class 1A per BPS4182,Chromate Conversion,BPS 4182,,,,
103,512-069-413-141,Chemical Film-Class 1A per BPS4182,Chromate Conversion,BPS 4182,,,,
104,0022-13908,"CLEAN PER APPLIED MATERIALS 0250-20000, APPENDIX A.",Cleaning,0250-20000,,,,
105,512-030-430-261,FLOURESCENT PENETRANT INSPECTION PER BPS4089,,,,,,
106,512-000-030-095,Heat Treat per BPS4139,Heat Treat,BPS 4139,,,,
107,512-030-110-423,"HEAT TREAT PER BPS4139,  .063 ALUM 6013-T4 AMS4347  TO T6",Heat Treat,BPS 4139,,,,
108,512-000-020-017,"HEAT TREAT PER BPS4139, HEAT TREAT .040 ALUM 6013-T4 PER AMS4347 TO T6 FINAL.",Heat Treat,BPS 4139,,,,
109,512-030-610-209,Heat Treat per BPS4139. Age to 6013-T6,Heat Treat,BPS 4139,,,,
110,512-030-610-211,Heat Treat per BPS4139. Age to 6013-T6,Heat Treat,BPS 4139,,,,
111,512-030-310-097,Heat Treat per BPS4139. Age to 6013-T6 per AMS4216,Heat Treat,BPS 4139,,,,
112,512-030-610-095,Heat Treat per BPS4139. Age to AL-7075-T73 PER AMS-QQ-A-250/12,Heat Treat,BPS 4139,,,,
113,512-030-101-839,MAGNETIC PARTICLE INSPECT PER BPS4075.,Magnetic Particle Inspect,BPS 4075,,,,
114,512-030-101-841,MAGNETIC PARTICLE INSPECT PER BPS4075.,Magnetic Particle Inspect,BPS 4075,,,,
115,512-030-430-261,OUTSIDE SERVICE MACHINING INCLUDES 2 EXTRA PIECES.,,,,,,
116,512-030-430-261,SULFURIC ACID ANODIZE PER BPS 4555,Anodize,BPS 4555,,,,
117,512-000-030-095,Thin Film Sulfuric Acid Anodize per BPS4555,Anodize,BPS 4555,,,,
118,512-030-310-097,Thin Film Sulfuric Acid Anodize per BPS4555,Anodize,BPS 4555,,,,
119,512-030-610-209,Thin Film Sulfuric Acid Anodize per BPS4555,Anodize,BPS 4555,,,,
120,512-030-610-211,Thin Film Sulfuric Acid Anodize per BPS4555,Anodize,BPS 4555,,,,
121,0020-23847,UHV CLEAN PER 0250-20000 APPENDIX A; TRIPLE BAG REQUIRED,Cleaning,0250-20000,,,,
122,0020-23848,UHV CLEAN PER 0250-20000 APPENDIX A; TRIPLE BAG REQUIRED,Cleaning,0250-20000,,,,
123,0020-83528,UHV CLEAN PER 0250-20000 APPENDIX A; TRIPLE BAG REQUIRED,Cleaning,0250-20000,,,,
124,0021-19688,UHV CLEAN PER 0250-20000 APPENDIX A; TRIPLE BAG REQUIRED,Cleaning,0250-20000,,,,
125,0021-28902,UHV CLEAN PER 0250-20000 APPENDIX A; TRIPLE BAG REQUIRED,Cleaning,0250-20000,,,,
126,0021-31341,UHV CLEAN PER 0250-20000 APPENDIX A; TRIPLE BAG REQUIRED,Cleaning,0250-20000,,,,
127,512-030-101-839,ZINC-NICKEL-CLASS 2 TYPE II BPS 4554,Zinc Nickel Plate,BPS 4554,,,,
128,512-030-101-841,ZINC-NICKEL-CLASS 2 TYPE II BPS 4554,Zinc Nickel Plate,BPS 4554,,,,
