rfq#,qt/so #,part_number,vendor,vendor_contact,rfq_folder,status,box_last_updated,box_unshared_at,sent,received
55149-1,55149,512-030-430-325,Mayday Manufacturing,htestimators@maydaymfg.com,3.37659E+11,received,2025-08-25T20:39:37.009801,2025-09-24T20:39:36.327372,8/25/2025 3:50,8/26/2025 10:30
55589-1,55589,512-030-430-381,"Advanced Aero Coatings, LLC",andy@aeroaac.com,3.37657E+11,pending,2025-08-25T20:39:42.538104,2025-09-24T20:39:41.902122,8/25/2025 3:50,
55683-1,55683,512-010-106-103,"Advanced Aero Coatings, LLC",andy@aeroaac.com,3.37658E+11,pending,2025-08-25T20:39:45.475286,2025-09-24T20:39:44.793058,8/25/2025 3:50,
55985-1,55985,512-030-610-209,"Advanced Aero Coatings, LLC",andy@aeroaac.com,3.3766E+11,pending,2025-08-25T20:39:50.900803,2025-09-24T20:39:50.252777,8/25/2025 3:50,
55987-1,55987,512-030-610-095,Mayday Manufacturing,htestimators@maydaymfg.com,3.37657E+11,pending,2025-08-25T20:39:53.544082,2025-09-24T20:39:52.866176,8/25/2025 16:32,
55987-2,55987,512-030-610-095,"Advanced Aero Coatings, LLC",andy@aeroaac.com,3.37657E+11,pending,2025-08-25T20:39:53.544082,2025-09-24T20:39:52.866176,8/25/2025 16:32,
55987-3,55987,512-030-610-095,Hytek Finishes,quotes@hytekfinishes.com,3.37657E+11,pending,2025-08-25T20:39:53.544082,2025-09-24T20:39:52.866176,8/25/2025 16:32,
55987-4,55987,512-030-610-211,"Advanced Aero Coatings, LLC",andy@aeroaac.com,3.37657E+11,pending,2025-08-25T20:39:56.321624,2025-09-24T20:39:55.666378,8/25/2025 16:32,
56012-1,56012,512-034-710-033,Mayday Manufacturing,htestimators@maydaymfg.com,3.37658E+11,pending,2025-08-25T20:39:59.088849,2025-09-24T20:39:58.461479,8/25/2025 16:32,
56012-2,56012,512-034-730-035,Mayday Manufacturing,htestimators@maydaymfg.com,3.37658E+11,pending,2025-08-25T20:40:01.892461,2025-09-24T20:40:01.273062,8/25/2025 16:32,
56126-1,56126,512-030-310-099,"Advanced Aero Coatings, LLC",andy@aeroaac.com,3.37627E+11,pending,2025-08-25T20:40:04.718306,2025-09-24T20:40:04.014842,8/25/2025 16:32,
56344-1,56344,425-03653-502,Tech Metals,quoting@techmetals.com,3.37657E+11,pending,2025-08-25T20:40:07.313825,2025-09-24T20:40:06.684118,8/25/2025 16:32,
56344-2,56344,425-03653-502,"Turn-key Coatings, Inc.",sales@turnkeycoatings.com,3.37657E+11,received,2025-08-25T20:40:07.313825,2025-09-24T20:40:06.684118,8/25/2025 16:32,8/26/2025 10:41
56344-3,56344,425-03653-502,"Consolidated Metal Technologies, Inc.",dawn@cmtfinishing.com,3.37657E+11,received,2025-08-25T20:40:07.313825,2025-09-24T20:40:06.684118,8/25/2025 16:32,8/26/2025 12:35
56344-4,56344,425-03653-502,Embee Processing,quotes@embee.com,3.37657E+11,pending,2025-08-25T20:40:07.313825,2025-09-24T20:40:06.684118,8/25/2025 16:32,
56344-5,56344,425-03653-502,"Har-Conn Aerospace, Inc.",laura.coleman@hcaerospace.com,3.37657E+11,pending,2025-08-25T20:40:07.313825,2025-09-24T20:40:06.684118,8/25/2025 16:32,
56344-6,56344,425-03653-502,Hytek Finishes,quotes@hytekfinishes.com,3.37657E+11,pending,2025-08-25T20:40:07.313825,2025-09-24T20:40:06.684118,8/25/2025 16:32,
56347-1,56347,425-03568-001,3P Processing Inc,Quotes@3p-p.com,3.3766E+11,pending,2025-08-25T20:40:10.138875,2025-09-24T20:40:09.480486,8/25/2025 16:32,
56347-2,56347,425-03568-001,"Advanced Aero Coatings, LLC",andy@aeroaac.com,3.3766E+11,pending,2025-08-25T20:40:10.138875,2025-09-24T20:40:09.480486,8/25/2025 16:32,
56347-3,56347,425-03568-001,Embee Processing,quotes@embee.com,3.3766E+11,pending,2025-08-25T20:40:10.138875,2025-09-24T20:40:09.480486,8/25/2025 16:32,
56347-4,56347,425-03568-001,"Turn-key Coatings, Inc.",sales@turnkeycoatings.com,3.3766E+11,received,2025-08-25T20:40:10.138875,2025-09-24T20:40:09.480486,8/26/2025 16:32,8/26/2025 10:14
56535-1,56535,512-034-710-025,"Advanced Aero Coatings, LLC",andy@aeroaac.com,3.37659E+11,pending,2025-08-25T20:40:18.152580,2025-09-24T20:40:17.492280,8/27/2025 16:32,
56719-1,56719,512-030-410-305,"Advanced Aero Coatings, LLC",andy@aeroaac.com,3.37658E+11,pending,2025-08-25T20:40:20.806122,2025-09-24T20:40:20.156546,8/28/2025 16:32,
56719-2,56719,512-030-410-305,Hytek Finishes,quotes@hytekfinishes.com,3.37658E+11,pending,2025-08-25T20:40:20.806122,2025-09-24T20:40:20.156546,8/29/2025 16:32,
56719-3,56719,512-030-410-305,Mayday Manufacturing,htestimators@maydaymfg.com,3.37658E+11,pending,2025-08-25T20:40:20.806122,2025-09-24T20:40:20.156546,8/30/2025 16:32,
56881-1,56881,512-012-205-101,"Advanced Aero Coatings, LLC",andy@aeroaac.com,3.37657E+11,pending,2025-08-25T20:40:24.269110,2025-09-24T20:40:23.047979,8/31/2025 16:32,
56881-2,56881,512-012-205-101,Embee Processing,quotes@embee.com,3.37657E+11,pending,2025-08-25T20:40:24.269110,2025-09-24T20:40:23.047979,9/1/2025 16:32,
56881-3,56881,512-012-205-101,Hytek Finishes,quotes@hytekfinishes.com,3.37657E+11,pending,2025-08-25T20:40:24.269110,2025-09-24T20:40:23.047979,9/2/2025 16:32,
56882-1,56882,512-030-610-313,"Advanced Aero Coatings, LLC",andy@aeroaac.com,3.3766E+11,pending,2025-08-25T20:40:27.106464,2025-09-24T20:40:26.365669,9/3/2025 16:32,
56919-1,56919,512-030-610-311,"Advanced Aero Coatings, LLC",andy@aeroaac.com,3.37657E+11,pending,2025-08-25T20:40:33.270846,2025-09-24T20:40:32.688598,9/4/2025 16:32,
56950-1,56950,512-030-830-005,"Advanced Aero Coatings, LLC",andy@aeroaac.com,3.3763E+11,pending,2025-08-25T20:40:38.524320,2025-09-24T20:40:37.835097,9/7/2025 16:32,
57567-1,57567,512-034-700-075,"Advanced Aero Coatings, LLC",andy@aeroaac.com,3.37658E+11,pending,2025-08-25T20:42:45.265867,2025-09-24T20:42:44.593803,9/5/2025 16:32,
57568-1,57568,512-034-700-077,"Advanced Aero Coatings, LLC",andy@aeroaac.com,3.37659E+11,pending,2025-08-25T20:42:47.857404,2025-09-24T20:42:47.132851,9/6/2025 16:32,
